Path *,Title *,Source ID,Description,Author,Language,License ID *,License Description,Copyright Holder,Thumbnail
VGISrestore/Lower Primary,Lower Primary,28ac0b4,,,en,CC BY,,,
VGISrestore/Lower Primary/Primary one,Primary one,23e7065,,,en,CC BY,,,
VGISrestore/Lower Primary/Primary one/English,English,684743e,,,en,CC BY,,,
VGISrestore/Lower Primary/Primary one/Mathematics,Mathematics,9adb544,,,en,CC BY,,,
VGISrestore/Lower Primary/Primary two,Primary two,60d97ce,,,en,CC BY,,,
VGISrestore/Lower Primary/Primary two/English,English,c1bf8f8,,,en,CC BY,,,
VGISrestore/Lower Primary/Primary two/Mathematics,Mathematics,780a69b,,,en,CC BY,,,
VGISrestore/Lower Primary/Primary three,Primary three,7061d60,,,en,CC BY,,,
VGISrestore/Lower Primary/Primary three/English,English,ca8f380,,,en,CC BY,,,
VGISrestore/Lower Primary/Primary three/Mathematics,Mathematics,03e5990,,,en,CC BY,,,
VGISrestore/Upper Primary,Upper Primary,1f02e64,,,en,CC BY,,,
VGISrestore/Upper Primary/Primary four,Primary four,640c2cb,,,en,CC BY,,,
VGISrestore/Upper Primary/Primary five,Primary five,67ff5c7,,,en,CC BY,,,
VGISrestore/Upper Primary/Primary six,Primary six,53a7e3e,,,en,CC BY,,,
VGISrestore/Upper Primary/Primary six/I.C.T.,I.C.T.,44b74cd,,,en,CC BY,,,
VGISrestore/Upper Primary/Primary six/Citizenship,Citizenship,101000f,,,en,CC BY,,,
VGISrestore/J.H.S.,J.H.S.,6ea43dd,,,en,CC BY,,,
VGISrestore/J.H.S./J.H.S. 1,J.H.S. 1,97ffbd6,,,en,CC BY,,,
VGISrestore/J.H.S./J.H.S. 1/Mathematics,Mathematics,27ff96f,,,en,CC BY,,,
VGISrestore/J.H.S./J.H.S. 1/Integrated Science,Integrated Science,637cdfa,,,en,CC BY,,,
VGISrestore/J.H.S./J.H.S. 2,J.H.S. 2,80214ae,,,en,CC BY,,,
VGISrestore/J.H.S./J.H.S. 2/Mathematics,Mathematics,9d4389e,,,en,CC BY,,,
VGISrestore/J.H.S./J.H.S. 2/Integrated Science,Integrated Science,4e57a2e,,,en,CC BY,,,
VGISrestore/J.H.S./J.H.S. 3,J.H.S. 3,15ef2a1,,,en,CC BY,,,
VGISrestore/J.H.S./J.H.S. 3/Mathematics,Mathematics,3b96950,,,en,CC BY,,,
VGISrestore/J.H.S./J.H.S. 3/Integrated Science,Integrated Science,2d45a45,,,en,CC BY,,,
VGISrestore/S.H.S.,S.H.S.,4ee99a8,,,en,CC BY,,,
VGISrestore/S.H.S./S.H.S. 1,S.H.S. 1,11efd8f,,,en,CC BY,,,
VGISrestore/S.H.S./S.H.S. 1/English,English,fee0b05,,,en,CC BY,,,
VGISrestore/S.H.S./S.H.S. 1/Social Studies,Social Studies,859f056,,,en,CC BY,,,
VGISrestore/S.H.S./S.H.S. 2,S.H.S. 2,d2b291c,,,en,CC BY,,,
VGISrestore/S.H.S./S.H.S. 2/English,English,cc2321f,,,en,CC BY,,,
VGISrestore/S.H.S./S.H.S. 2/Social Studies,Social Studies,d299d9c,,,en,CC BY,,,
VGISrestore/S.H.S./S.H.S. 3,S.H.S. 3,18d8673,,,en,CC BY,,,
VGISrestore/S.H.S./S.H.S. 3/English,English,c837f18,,,en,CC BY,,,
VGISrestore/S.H.S./S.H.S. 3/Social Studies,Social Studies,2bc0cea,,,en,CC BY,,,
